cnae_2d,cnae_4d,pessoal_total,pessoal_assalariado,fator_pessoal,ano
01,0111,14825,6955,2.1316,2021
01,0112,5475,5164,1.0602,2021
01,0113,52567,41598,1.2637,2021
01,0114,533,490,1.0878,2021
01,0115,52740,41153,1.2816,2021
01,0116,1821,945,1.927,2021
01,0119,26495,21283,1.2449,2021
01,0121,11649,6505,1.7908,2021
01,0122,4262,2976,1.4321,2021
01,0131,13401,10512,1.2748,2021
01,0132,18999,18153,1.0466,2021
01,0133,38726,34027,1.1381,2021
01,0134,15388,8678,1.7732,2021
01,0135,1716,1439,1.1925,2021
01,0139,17940,15491,1.1581,2021
01,0141,12973,12265,1.0577,2021
01,0142,3136,2541,1.2342,2021
01,0151,80471,42323,1.9014,2021
01,0152,3189,2085,1.5295,2021
01,0153,597,286,2.0874,2021
01,0154,7728,7019,1.101,2021
01,0155,40999,38117,1.0756,2021
01,0159,3583,2461,1.4559,2021
01,0161,67871,52553,1.2915,2021
01,0162,13253,9145,1.4492,2021
01,0163,9983,8555,1.1669,2021
02,0210,52107,43191,1.2064,2021
02,0220,6043,4598,1.3143,2021
02,0230,31252,28316,1.1037,2021
03,0311,1910,1430,1.3357,2021
03,0312,1188,220,5.0,2021
03,0321,7453,6274,1.1879,2021
03,0322,4359,2687,1.6223,2021
05,0500,3727,3660,1.0183,2021
06,0600,5991,5760,1.0401,2021
07,0710,80580,80049,1.0066,2021
07,0721,3796,3769,1.0072,2021
07,0722,494,437,1.1304,2021
07,0723,1188,1030,1.1534,2021
07,0724,5871,4973,1.1806,2021
07,0729,8688,8479,1.0246,2021
08,0810,75641,62306,1.214,2021
08,0891,3175,2976,1.0669,2021
08,0892,3218,3030,1.062,2021
08,0893,1345,980,1.3724,2021
08,0899,8473,7184,1.1794,2021
09,0910,24000,23786,1.009,2021
09,0990,4096,3416,1.1991,2021
10,1011,167005,164683,1.0141,2021
10,1012,447442,445924,1.0034,2021
10,1013,51256,47945,1.0691,2021
10,1020,21090,20116,1.0484,2021
10,1031,37603,34771,1.0814,2021
10,1032,15548,14371,1.0819,2021
10,1033,50325,48860,1.03,2021
10,1041,48705,48228,1.0099,2021
10,1042,6024,5817,1.0356,2021
10,1043,473,442,1.0701,2021
10,1051,27847,26598,1.047,2021
10,1052,105106,100857,1.0421,2021
10,1053,32190,27243,1.1816,2021
10,1061,26639,25432,1.0475,2021
10,1062,21250,20638,1.0297,2021
10,1063,3708,2999,1.2364,2021
10,1064,20316,19427,1.0458,2021
10,1065,8286,7872,1.0526,2021
10,1066,62952,59295,1.0617,2021
10,1069,6691,5667,1.1807,2021
10,1071,223585,223159,1.0019,2021
10,1072,15645,15577,1.0044,2021
10,1081,22117,19444,1.1375,2021
10,1082,2891,2794,1.0347,2021
10,1091,193048,166577,1.1589,2021
10,1092,57451,54738,1.0496,2021
10,1093,46052,44603,1.0325,2021
10,1094,34238,30828,1.1106,2021
10,1095,23085,21254,1.0861,2021
10,1096,15306,12581,1.2166,2021
10,1099,68953,61160,1.1274,2021
11,1111,10337,7723,1.3385,2021
11,1112,8701,7182,1.2115,2021
11,1113,72087,68953,1.0455,2021
11,1121,21204,19296,1.0989,2021
11,1122,72133,71356,1.0109,2021
12,1210,7661,7626,1.0046,2021
12,1220,9379,9079,1.033,2021
13,1311,20739,20080,1.0328,2021
13,1312,3868,3634,1.0644,2021
13,1313,6038,5885,1.026,2021
13,1314,3802,3705,1.0262,2021
13,1321,52020,51206,1.0159,2021
13,1322,3642,3483,1.0457,2021
13,1323,24431,23822,1.0256,2021
13,1330,24072,22884,1.0519,2021
13,1340,35228,31620,1.1141,2021
13,1351,32737,28638,1.1431,2021
13,1352,6617,5922,1.1174,2021
13,1353,5382,4999,1.0766,2021
13,1354,19136,18197,1.0516,2021
13,1359,34440,32033,1.0751,2021
14,1411,92869,85585,1.0851,2021
14,1412,454627,400292,1.1357,2021
14,1413,33654,28978,1.1614,2021
14,1414,12018,10375,1.1584,2021
14,1421,5878,5644,1.0415,2021
14,1422,9795,7661,1.2786,2021
15,1510,24793,23970,1.0343,2021
15,1521,13530,11710,1.1554,2021
15,1529,8466,7058,1.1995,2021
15,1531,113039,107254,1.0539,2021
15,1532,26655,26327,1.0125,2021
15,1533,111055,110005,1.0095,2021
15,1539,11239,9953,1.1292,2021
15,1540,24462,22609,1.082,2021
16,1610,80927,70836,1.1425,2021
16,1621,51188,49820,1.0275,2021
16,1622,35361,30747,1.1501,2021
16,1623,18103,16303,1.1104,2021
16,1629,24510,19999,1.2256,2021
17,1710,50782,50728,1.0011,2021
17,1721,23572,23284,1.0124,2021
17,1722,5892,5830,1.0106,2021
17,1731,21848,20178,1.0828,2021
17,1732,14254,13838,1.0301,2021
17,1733,33354,31843,1.0475,2021
17,1741,16825,15039,1.1188,2021
17,1742,30738,29861,1.0294,2021
17,1749,8091,7469,1.0833,2021
18,1811,14542,12715,1.1437,2021
18,1812,9601,9152,1.0491,2021
18,1813,62293,47327,1.3162,2021
18,1821,13085,8774,1.4913,2021
18,1822,10684,7562,1.4129,2021
18,1830,1507,859,1.7544,2021
19,1910,380,369,1.0298,2021
19,1921,40348,40295,1.0013,2021
19,1922,8929,8697,1.0267,2021
19,1931,139606,139075,1.0038,2021
19,1932,6573,6465,1.0167,2021
20,2011,2553,2461,1.0374,2021
20,2012,10417,10357,1.0058,2021
20,2013,37554,35953,1.0445,2021
20,2014,5904,5825,1.0136,2021
20,2019,14574,14137,1.0309,2021
20,2021,235,208,1.1298,2021
20,2022,2734,2675,1.0221,2021
20,2029,18550,18001,1.0305,2021
20,2031,19235,18916,1.0169,2021
20,2032,4401,4303,1.0228,2021
20,2033,1449,1398,1.0365,2021
20,2040,3644,3513,1.0373,2021
20,2051,20329,20156,1.0086,2021
20,2052,6965,6705,1.0388,2021
20,2061,30606,29314,1.0441,2021
20,2062,21652,19288,1.1226,2021
20,2063,56694,53568,1.0584,2021
20,2071,27207,25462,1.0685,2021
20,2072,2572,2464,1.0438,2021
20,2073,5142,4831,1.0644,2021
20,2091,6105,5691,1.0727,2021
20,2092,5314,5143,1.0332,2021
20,2093,14864,13817,1.0758,2021
20,2094,764,746,1.0241,2021
20,2099,16611,14970,1.1096,2021
21,2110,2555,2403,1.0633,2021
21,2121,101836,101320,1.0051,2021
21,2122,10222,9917,1.0308,2021
21,2123,991,922,1.0748,2021
22,2211,36742,36643,1.0027,2021
22,2212,19017,17002,1.1185,2021
22,2219,37898,35626,1.0638,2021
22,2221,48060,47054,1.0214,2021
22,2222,116019,109819,1.0565,2021
22,2223,17716,17149,1.0331,2021
22,2229,140358,128626,1.0912,2021
23,2311,21099,20446,1.0319,2021
23,2312,7324,7295,1.004,2021
23,2319,15146,14020,1.0803,2021
23,2320,19917,19861,1.0028,2021
23,2330,147673,129031,1.1445,2021
23,2341,10919,10435,1.0464,2021
23,2342,119532,111214,1.0748,2021
23,2349,20590,19724,1.0439,2021
23,2391,63316,52044,1.2166,2021
23,2392,7815,7105,1.0999,2021
23,2399,27503,25576,1.0753,2021
24,2411,14973,14726,1.0168,2021
24,2412,10858,10746,1.0104,2021
24,2421,14889,14843,1.0031,2021
24,2422,35171,35071,1.0029,2021
24,2423,22705,22608,1.0043,2021
24,2424,22794,22224,1.0256,2021
24,2431,10838,10668,1.0159,2021
24,2439,7492,7271,1.0304,2021
24,2441,29465,28764,1.0244,2021
24,2442,13724,13644,1.0059,2021
24,2443,6446,6353,1.0146,2021
24,2449,14404,13712,1.0505,2021
24,2451,23223,22026,1.0543,2021
24,2452,9481,8461,1.1206,2021
25,2511,67286,61146,1.1004,2021
25,2512,65612,51726,1.2685,2021
25,2513,11461,10539,1.0875,2021
25,2521,8308,7546,1.101,2021
25,2522,3588,3441,1.0427,2021
25,2531,4688,4287,1.0935,2021
25,2532,28653,25230,1.1357,2021
25,2539,78934,64313,1.2273,2021
25,2541,7943,7532,1.0546,2021
25,2542,44782,36597,1.2237,2021
25,2543,29921,26685,1.1213,2021
25,2550,9450,9391,1.0063,2021
25,2591,18671,18418,1.0137,2021
25,2592,37893,34665,1.0931,2021
25,2593,21850,19322,1.1308,2021
25,2599,71067,62539,1.1364,2021
26,2610,20270,18780,1.0793,2021
26,2621,14321,13933,1.0278,2021
26,2622,11251,10877,1.0344,2021
26,2631,17313,16946,1.0217,2021
26,2632,18492,18353,1.0076,2021
26,2640,17028,16548,1.029,2021
26,2651,23947,21886,1.0942,2021
26,2652,2617,2580,1.0143,2021
26,2660,4376,3936,1.1118,2021
26,2670,932,772,1.2073,2021
26,2680,17,8,2.125,2021
27,2710,64360,63107,1.0199,2021
27,2721,3104,3078,1.0084,2021
27,2722,9495,9301,1.0209,2021
27,2731,29357,27627,1.0626,2021
27,2732,13974,13539,1.0321,2021
27,2733,24934,24219,1.0295,2021
27,2740,11784,10695,1.1018,2021
27,2751,36149,35986,1.0045,2021
27,2759,23497,22918,1.0253,2021
27,2790,17463,15430,1.1318,2021
28,2811,2282,2162,1.0555,2021
28,2812,18776,17906,1.0486,2021
28,2813,20296,19609,1.035,2021
28,2814,15371,15233,1.0091,2021
28,2815,13002,12554,1.0357,2021
28,2821,6963,6373,1.0926,2021
28,2822,34879,33555,1.0395,2021
28,2823,22240,20517,1.084,2021
28,2824,8906,8749,1.0179,2021
28,2825,4888,4357,1.1219,2021
28,2829,45524,40697,1.1186,2021
28,2831,17814,17667,1.0083,2021
28,2832,3975,3730,1.0657,2021
28,2833,71886,68483,1.0497,2021
28,2840,27519,25380,1.0843,2021
28,2851,5968,5922,1.0078,2021
28,2852,10249,9927,1.0324,2021
28,2853,1064,1031,1.032,2021
28,2854,17392,17141,1.0146,2021
28,2861,5801,4790,1.2111,2021
28,2862,22713,21257,1.0685,2021
28,2863,2312,2038,1.1344,2021
28,2864,2910,2467,1.1796,2021
28,2865,4150,3958,1.0485,2021
28,2866,3321,2962,1.1212,2021
28,2869,36193,32243,1.1225,2021
29,2910,78413,78323,1.0011,2021
29,2920,28452,28417,1.0012,2021
29,2930,56024,53270,1.0517,2021
29,2941,57403,56871,1.0094,2021
29,2942,20098,19877,1.0111,2021
29,2943,16037,15839,1.0125,2021
29,2944,26725,26316,1.0155,2021
29,2945,39473,39029,1.0114,2021
29,2949,114426,111991,1.0217,2021
29,2950,13134,10262,1.2799,2021
30,3011,17436,17033,1.0237,2021
30,3012,4720,4386,1.0762,2021
30,3032,3273,3218,1.0171,2021
30,3041,14069,13984,1.0061,2021
30,3042,3343,3294,1.0149,2021
30,3091,21623,21351,1.0127,2021
30,3092,9386,8724,1.0759,2021
30,3099,3462,3159,1.0959,2021
31,3101,214407,185034,1.1587,2021
31,3102,32669,29947,1.0909,2021
31,3103,8828,7556,1.1683,2021
31,3104,28859,27985,1.0312,2021
32,3211,12044,10102,1.1922,2021
32,3212,8633,7397,1.1671,2021
32,3220,1393,1134,1.2284,2021
32,3230,6198,5407,1.1463,2021
32,3240,15869,14728,1.0775,2021
32,3250,73310,64915,1.1293,2021
32,3291,9426,8606,1.0953,2021
32,3292,15890,14537,1.0931,2021
32,3299,47791,38543,1.2399,2021
33,3311,10732,9187,1.1682,2021
33,3312,16151,11498,1.4047,2021
33,3313,29847,24118,1.2375,2021
33,3314,145953,118253,1.2342,2021
33,3315,1970,1853,1.0631,2021
33,3316,6791,6086,1.1158,2021
33,3317,10138,8909,1.138,2021
33,3319,11214,8650,1.2964,2021
33,3321,44034,35807,1.2298,2021
33,3329,19157,14295,1.3401,2021
35,3511,52017,40447,1.2861,2021
35,3512,6509,6022,1.0809,2021
35,3513,3873,2657,1.4577,2021
35,3514,79887,79546,1.0043,2021
35,3520,3806,3652,1.0422,2021
35,3530,1255,1162,1.08,2021
36,3600,151332,149448,1.0126,2021
37,3701,6683,6441,1.0376,2021
37,3702,10067,8410,1.197,2021
38,3811,203003,196180,1.0348,2021
38,3812,8752,8070,1.0845,2021
38,3821,18547,17974,1.0319,2021
38,3822,5946,5704,1.0424,2021
38,3831,10475,8834,1.1858,2021
38,3832,11908,9750,1.2213,2021
38,3839,14640,12395,1.1811,2021
39,3900,1935,1767,1.0951,2021
41,4110,214625,79842,2.6881,2021
41,4120,837414,680687,1.2302,2021
42,4211,155337,150858,1.0297,2021
42,4212,13886,13159,1.0552,2021
42,4213,57787,52500,1.1007,2021
42,4221,218492,213248,1.0246,2021
42,4222,52588,50142,1.0488,2021
42,4223,4326,4222,1.0246,2021
42,4291,11584,11265,1.0283,2021
42,4292,112234,105546,1.0634,2021
42,4299,83040,75740,1.0964,2021
43,4311,6762,5532,1.2223,2021
43,4312,11188,10059,1.1122,2021
43,4313,83531,68582,1.218,2021
43,4319,4282,3793,1.1289,2021
43,4321,200000,165464,1.2087,2021
43,4322,86360,67518,1.2791,2021
43,4329,57076,47771,1.1948,2021
43,4330,138479,104595,1.324,2021
43,4391,24122,21048,1.146,2021
43,4399,213993,176606,1.2117,2021
45,4511,262357,217487,1.2063,2021
45,4512,8568,3848,2.2266,2021
45,4520,309907,207492,1.4936,2021
45,4530,580326,427753,1.3567,2021
45,4541,91105,68944,1.3214,2021
45,4542,1746,563,3.1012,2021
45,4543,11642,7069,1.6469,2021
46,4611,8239,1939,4.2491,2021
46,4612,8300,1523,5.0,2021
46,4613,20763,3956,5.0,2021
46,4614,9188,2571,3.5737,2021
46,4615,8086,2265,3.57,2021
46,4616,19453,2674,5.0,2021
46,4617,33752,9339,3.6141,2021
46,4618,37921,7044,5.0,2021
46,4619,72608,15284,4.7506,2021
46,4621,13812,11803,1.1702,2021
46,4622,25098,24034,1.0443,2021
46,4623,81929,69675,1.1759,2021
46,4631,13444,11081,1.2132,2021
46,4632,48259,42311,1.1406,2021
46,4633,95388,79937,1.1933,2021
46,4634,36659,31219,1.1743,2021
46,4635,76648,68706,1.1156,2021
46,4636,3644,2834,1.2858,2021
46,4637,61324,51069,1.2008,2021
46,4639,134145,119239,1.125,2021
46,4641,28932,23746,1.2184,2021
46,4642,40030,30559,1.3099,2021
46,4643,11257,9396,1.1981,2021
46,4644,91665,86145,1.0641,2021
46,4645,63361,52877,1.1983,2021
46,4646,65444,58322,1.1221,2021
46,4647,24884,20840,1.194,2021
46,4649,102386,83396,1.2277,2021
46,4651,21240,17827,1.1915,2021
46,4652,16597,14491,1.1453,2021
46,4661,53869,47851,1.1258,2021
46,4662,14251,13239,1.0764,2021
46,4663,51390,41196,1.2475,2021
46,4664,14116,11891,1.1871,2021
46,4665,13357,10826,1.2338,2021
46,4669,40808,34148,1.195,2021
46,4671,21389,17433,1.2269,2021
46,4672,40254,35300,1.1403,2021
46,4673,20897,18050,1.1577,2021
46,4674,4109,3415,1.2032,2021
46,4679,64033,53125,1.2053,2021
46,4681,37451,33723,1.1105,2021
46,4682,15974,15299,1.0441,2021
46,4683,45700,38279,1.1939,2021
46,4684,21259,18309,1.1611,2021
46,4685,18102,16037,1.1288,2021
46,4686,31791,25038,1.2697,2021
46,4687,64002,52553,1.2179,2021
46,4689,37172,28041,1.3256,2021
46,4691,84432,79804,1.058,2021
46,4692,37360,34502,1.0828,2021
46,4693,57586,52652,1.0937,2021
47,4711,1564367,1531150,1.0217,2021
47,4712,518932,358970,1.4456,2021
47,4713,217344,200073,1.0863,2021
47,4721,338102,269542,1.2544,2021
47,4722,109660,77026,1.4237,2021
47,4723,89724,50654,1.7713,2021
47,4724,87447,67534,1.2949,2021
47,4729,198471,137249,1.4461,2021
47,4731,417491,348304,1.1986,2021
47,4732,14040,9748,1.4403,2021
47,4741,53326,41083,1.298,2021
47,4742,80224,57010,1.4072,2021
47,4743,50158,35713,1.4045,2021
47,4744,807298,616134,1.3103,2021
47,4751,112031,74089,1.5121,2021
47,4752,88528,63384,1.3967,2021
47,4753,186010,162711,1.1432,2021
47,4754,276308,209611,1.3182,2021
47,4755,148202,107037,1.3846,2021
47,4756,7335,4404,1.6655,2021
47,4757,39751,26651,1.4915,2021
47,4759,102362,73289,1.3967,2021
47,4761,130766,91489,1.4293,2021
47,4762,2958,1573,1.8805,2021
47,4763,116770,81479,1.4331,2021
47,4771,640118,526115,1.2167,2021
47,4772,151091,111831,1.3511,2021
47,4773,29432,19384,1.5184,2021
47,4774,114306,77809,1.4691,2021
47,4781,769173,566378,1.3581,2021
47,4782,201573,160641,1.2548,2021
47,4783,51788,35978,1.4394,2021
47,4784,81927,45289,1.809,2021
47,4785,9357,6013,1.5561,2021
47,4789,497430,332037,1.4981,2021
49,4911,21117,21090,1.0013,2021
49,4912,34696,34677,1.0005,2021
49,4921,345521,335358,1.0303,2021
49,4922,87686,84709,1.0351,2021
49,4923,23312,16094,1.4485,2021
49,4924,29027,18828,1.5417,2021
49,4929,101217,79671,1.2704,2021
49,4930,1224200,1030040,1.1885,2021
49,4940,6318,6307,1.0017,2021
49,4950,632,583,1.084,2021
50,5011,2998,2842,1.0549,2021
50,5012,1747,1686,1.0362,2021
50,5021,9931,9411,1.0553,2021
50,5022,3541,3116,1.1364,2021
50,5030,20919,20308,1.0301,2021
50,5091,3876,3530,1.098,2021
50,5099,1493,1041,1.4342,2021
51,5111,46594,46484,1.0024,2021
51,5112,7723,7256,1.0644,2021
51,5120,2277,2198,1.0359,2021
52,5211,85903,80161,1.0716,2021
52,5212,66754,62431,1.0692,2021
52,5221,29938,29819,1.004,2021
52,5222,6883,6614,1.0407,2021
52,5223,69612,52818,1.318,2021
52,5229,49569,39855,1.2437,2021
52,5231,35810,35289,1.0148,2021
52,5232,11747,10575,1.1108,2021
52,5239,3734,2841,1.3143,2021
52,5240,42120,40295,1.0453,2021
52,5250,102790,94509,1.0876,2021
53,5310,102454,100788,1.0165,2021
53,5320,71200,62228,1.1442,2021
55,5510,332918,287795,1.1568,2021
55,5590,20723,14720,1.4078,2021
56,5611,1382777,1090940,1.2675,2021
56,5612,9142,5758,1.5877,2021
56,5620,301492,268049,1.1248,2021
58,5811,14596,9234,1.5807,2021
58,5812,5482,3259,1.6821,2021
58,5813,4365,2171,2.0106,2021
58,5819,5014,2553,1.964,2021
58,5821,10965,9933,1.1039,2021
58,5822,14024,12673,1.1066,2021
58,5823,3885,3443,1.1284,2021
58,5829,11838,8190,1.4454,2021
59,5911,27429,8379,3.2735,2021
59,5912,5219,1111,4.6976,2021
59,5913,1221,835,1.4623,2021
59,5914,12982,12231,1.0614,2021
59,5920,4686,1888,2.482,2021
60,6010,33222,26212,1.2674,2021
60,6021,51033,49909,1.0225,2021
60,6022,2997,2765,1.0839,2021
61,6110,107184,94015,1.1401,2021
61,6120,70107,69586,1.0075,2021
61,6130,2097,1897,1.1054,2021
61,6141,3369,3116,1.0812,2021
61,6143,1873,1854,1.0102,2021
61,6190,109921,97876,1.1231,2021
62,6201,161802,126600,1.2781,2021
62,6202,123871,105993,1.1687,2021
62,6203,78207,66239,1.1807,2021
62,6204,143305,113972,1.2574,2021
62,6209,168629,116092,1.4525,2021
63,6311,89241,71180,1.2537,2021
63,6319,59881,44753,1.338,2021
63,6391,4453,1780,2.5017,2021
63,6399,15565,10085,1.5434,2021
64,6422,366426,366185,1.0007,2021
64,6424,97744,90076,1.0851,2021
64,6431,4312,4290,1.0051,2021
64,6432,835,823,1.0146,2021
64,6433,3476,3475,1.0003,2021
64,6434,1618,1602,1.01,2021
64,6435,2103,2047,1.0274,2021
64,6436,6486,6029,1.0758,2021
64,6437,537,455,1.1802,2021
64,6438,623,611,1.0196,2021
64,6450,1659,1614,1.0279,2021
64,6461,2772,1618,1.7132,2021
64,6462,166354,41955,3.9651,2021
64,6463,43104,6371,5.0,2021
64,6491,10707,3525,3.0374,2021
64,6492,4508,1911,2.359,2021
64,6493,13169,12427,1.0597,2021
64,6499,4945,2883,1.7152,2021
65,6511,13049,12234,1.0666,2021
65,6512,34702,34319,1.0112,2021
65,6520,6491,6481,1.0015,2021
65,6530,702,687,1.0218,2021
65,6541,7018,6912,1.0153,2021
65,6542,2553,2497,1.0224,2021
65,6550,239166,233831,1.0228,2021
66,6611,2587,2564,1.009,2021
66,6612,25583,20614,1.241,2021
66,6613,26680,26018,1.0254,2021
66,6619,61208,49674,1.2322,2021
66,6621,4741,3279,1.4459,2021
66,6622,124656,64665,1.9277,2021
66,6629,11534,9079,1.2704,2021
66,6630,12533,7865,1.5935,2021
68,6810,247040,58819,4.2,2021
68,6821,124179,59890,2.0735,2021
68,6822,98432,63993,1.5382,2021
69,6911,209423,93660,2.236,2021
69,6912,5400,3204,1.6854,2021
69,6920,414826,309687,1.3395,2021
70,7020,213823,113897,1.8773,2021
71,7111,36209,9037,4.0068,2021
71,7112,304435,210485,1.4464,2021
71,7119,57724,33784,1.7086,2021
71,7120,44962,39955,1.1253,2021
72,7210,44488,41144,1.0813,2021
72,7220,4271,3270,1.3061,2021
73,7311,48436,30238,1.6018,2021
73,7312,10090,6111,1.6511,2021
73,7319,156131,92530,1.6874,2021
73,7320,9519,7374,1.2909,2021
74,7410,10990,3644,3.0159,2021
74,7420,22158,12523,1.7694,2021
74,7490,188969,123001,1.5363,2021
75,7500,45783,26195,1.7478,2021
77,7711,78014,64446,1.2105,2021
77,7719,11148,7688,1.4501,2021
77,7721,4466,2780,1.6065,2021
77,7722,1114,486,2.2922,2021
77,7723,15148,11817,1.2819,2021
77,7729,10082,6738,1.4963,2021
77,7731,9668,7321,1.3206,2021
77,7732,80616,67022,1.2028,2021
77,7733,20589,17428,1.1814,2021
77,7739,77092,61214,1.2594,2021
77,7740,21502,14445,1.4885,2021
78,7810,125610,121684,1.0323,2021
78,7820,499480,495268,1.0085,2021
78,7830,169331,168066,1.0075,2021
79,7911,63698,40263,1.582,2021
79,7912,4552,2764,1.6469,2021
79,7990,6591,4477,1.4722,2021
80,8011,519193,512605,1.0129,2021
80,8012,43508,43477,1.0007,2021
80,8020,96932,88512,1.0951,2021
80,8030,367,212,1.7311,2021
81,8111,281068,268592,1.0464,2021
81,8112,681286,545574,1.2488,2021
81,8121,738061,725990,1.0166,2021
81,8122,25965,19674,1.3198,2021
81,8129,103298,99203,1.0413,2021
81,8130,37312,31045,1.2019,2021
82,8211,472368,347840,1.358,2021
82,8219,165405,106712,1.55,2021
82,8220,456893,453741,1.0069,2021
82,8230,65202,35721,1.8253,2021
82,8291,140300,114197,1.2286,2021
82,8292,18363,16979,1.0815,2021
82,8299,338688,266737,1.2697,2021
84,8411,6222404,6222260,1.0,2021
84,8412,126975,126911,1.0005,2021
84,8413,114599,114581,1.0002,2021
84,8421,3101,3101,1.0,2021
84,8422,348365,348365,1.0,2021
84,8423,366178,366162,1.0,2021
84,8424,505249,505235,1.0,2021
84,8425,50915,50915,1.0,2021
84,8430,44651,44651,1.0,2021
85,8511,147088,136009,1.0815,2021
85,8512,175195,155150,1.1292,2021
85,8513,484508,466120,1.0394,2021
85,8520,1139645,1131904,1.0068,2021
85,8531,178133,175817,1.0132,2021
85,8532,652917,649532,1.0052,2021
85,8533,15668,14296,1.096,2021
85,8541,37234,32599,1.1422,2021
85,8542,21520,21325,1.0091,2021
85,8550,85860,57179,1.5016,2021
85,8591,15047,8720,1.7256,2021
85,8592,14093,9142,1.5416,2021
85,8593,66708,52633,1.2674,2021
85,8599,399610,295682,1.3515,2021
86,8610,2129688,2087562,1.0202,2021
86,8621,16392,15447,1.0612,2021
86,8622,2502,1772,1.412,2021
86,8630,730493,371565,1.966,2021
86,8640,353576,288708,1.2247,2021
86,8650,150140,58573,2.5633,2021
86,8660,62793,58353,1.0761,2021
86,8690,21033,11066,1.9007,2021
87,8711,85650,78286,1.0941,2021
87,8712,21506,18327,1.1735,2021
87,8720,16825,14804,1.1365,2021
87,8730,37373,36230,1.0315,2021
88,8800,220480,216416,1.0188,2021
90,9001,29379,10243,2.8682,2021
90,9002,2230,632,3.5285,2021
90,9003,3229,2782,1.1607,2021
91,9101,2477,2246,1.1028,2021
91,9102,5602,5103,1.0978,2021
91,9103,2606,2357,1.1056,2021
92,9200,680,573,1.1867,2021
93,9311,6093,3469,1.7564,2021
93,9312,85256,78468,1.0865,2021
93,9313,137794,93647,1.4714,2021
93,9319,17644,10204,1.7291,2021
93,9321,13017,12036,1.0815,2021
93,9329,30243,21646,1.3972,2021
94,9411,40411,35631,1.1342,2021
94,9412,52934,48614,1.0889,2021
94,9420,92562,84587,1.0943,2021
94,9430,89887,61469,1.4623,2021
94,9491,154347,123294,1.2519,2021
94,9492,5748,1781,3.2274,2021
94,9493,9254,5811,1.5925,2021
94,9499,49222,36699,1.3412,2021
95,9511,67897,45405,1.4954,2021
95,9512,18775,13596,1.3809,2021
95,9521,34797,23045,1.51,2021
95,9529,29358,18010,1.6301,2021
96,9601,53892,45217,1.1919,2021
96,9602,124246,74213,1.6742,2021
96,9603,62892,52712,1.1931,2021
96,9609,35225,22378,1.5741,2021
99,9900,2800,2717,1.0305,2021
